<?xml version="1.0" encoding="UTF-8"?>
<project-private xmlns="http://www.netbeans.org/ns/project-private/1">
    <editor-bookmarks xmlns="http://www.netbeans.org/ns/editor-bookmarks/2" lastBookmarkId="0"/>
    <open-files xmlns="http://www.netbeans.org/ns/projectui-open-files/2">
        <group>
            <file>file:/D:/SE-KY2/Java/09.6/AntiqueShop/src/data/ItemList.java</file>
            <file>file:/D:/SE-KY2/Java/09.6/AntiqueShop/src/data/Statue.java</file>
            <file>file:/D:/SE-KY2/Java/09.6/AntiqueShop/src/stage/antiqueShop.java</file>
            <file>file:/D:/SE-KY2/Java/09.6/AntiqueShop/src/data/Vase.java</file>
            <file>file:/D:/SE-KY2/Java/09.6/AntiqueShop/src/data/Item.java</file>
            <file>file:/D:/SE-KY2/Java/09.6/AntiqueShop/src/data/Painting.java</file>
        </group>
    </open-files>
</project-private>
